ehochs,best_model_Test_loss,best_model_Test_acc,True_Posatives,Faste_Posatives,True_Negatives,Faste_Negatives,rocauc_score,AveragePrecision_score
0130,0.3915292744543442,0.903017737848422,0.7800138792505205,0.21998612074947954,0.9639655172413794,0.036034482758620645,0.9322709923664121,0.8915486042735332
